id,username,text,keywords,date,location
"1,15312217032482E+018",witgenuino,"Ya tu sÃ¡e... ğŸ¤¥
#RenunciaPiÃ±era
#NoMÃ¡sChantas
#GobiernoMediocre
#NoMÃ¡sAFP
#PensionesDignas
ğŸ‘‰#AC https://t.co/pxVj0J9tvo",['#RenunciaPiÃ±era'],2019-07-22 01:58:44,Symbiotic City - Paine Towers
"1,14868336174298E+018",humanoide_gtr,#RenunciaUbilla #RenunciaChadwick #RenunciaPiÃ±era #RenunciaCubillos Renuncien todos!!! #NosCansamos! https://t.co/VOmHnBFoai,['#RenunciaPiÃ±era'],2019-07-09 20:00:29,"Alimapu, ValparaÃ­so "
"1,15020411167934E+018",SabinaMachuca,"HagÃ¡mosla cortita y de una por el bien de  Chile lo mÃ¡s prÃ¡ctico es que renuncie @sebastianpinera.
#RenunciaPiÃ±era https://t.co/in164GfRu2",['#RenunciaPiÃ±era'],2019-07-14 00:43:24,"Santiago, Chile"
"1,14948615826026E+018",Markilein,#RenunciaCastillo #RenunciaCubillos #RenunciaChadwick  #RenunciaUbilla #RenunciaPiÃ±era #RenuncienTodos Manga de ineptos indolentes displicentes e ignorantes,['#RenunciaPiÃ±era'],2019-07-12 01:10:31,
"1,15238257342066E+018",witgenuino,"Esta gente ya no tiene ni pudor ni vergÃ¼enza en reconocer que imponen su ""reformita"" a la gente porque apostaron a ganador en un arreglÃ­n que sÃ³lo favorece al empresariado (que invirtiÃ³ en ellos) ğŸ˜ğŸ™„
#GobiernoMediocre
#RenunciaPiÃ±era
#BastaDeAbusos
#NoMÃ¡sCorruptos
ğŸ‘‰#AC https://t.co/dZL1mS4q1k",['#RenunciaPiÃ±era'],2019-07-20 00:59:50,Symbiotic City - Paine Towers
"1,15375661493301E+018",patiperock,"Jajajajaja ministro chasquilla gobierno culiao nefasto!!
#RenunciaMaÃ±alich
#renunciapiÃ±era https://t.co/mfirNmTT8P",['#RenunciaPiÃ±era'],2019-07-23 19:59:47,
"1,15375817405654E+018",witgenuino,"Otsea la idea pasa por estirar el chicle hasta que el cagazo de #Osorno pase por un zapatito roto lo usual obviamente 'tamos hasta el loly perreeeto!!... ğŸ˜ğŸ™„
#NoMÃ¡sChantas
#NoMÃ¡sLucro
#RenunciaPiÃ±era
#QueSeVayanTodos
ğŸ‘‰#AC https://t.co/usxRYxbIDd",['#RenunciaPiÃ±era'],2019-07-23 20:05:59,Symbiotic City - Paine Towers
"1,14585340780841E+018",alexisAMLimport,@silviahistoria @DiputadaCidV @ColegiodeProfes @ceciperez1 @DiputadosRN @tomasfuentes @mcubillossigall @raulfiguersa @allamand #renunciapiÃ±era y todos tus ministros nefastos https://t.co/SS0JLMeefn,['#RenunciaPiÃ±era'],2019-07-02 00:35:16,Chile
"1,15564836429544E+018",aloayzah,"la proxima semana:
âœ”ï¸#renunciachadwick
âœ”ï¸#renunciacubillos
âœ”ï¸#renunciamaÃ±alich
âœ”ï¸#nomasafp
âœ”ï¸#fueraEssal
âœ”ï¸#devuelvanelagua
âœ”ï¸#renunciapiÃ±era https://t.co/B7Lg3vXUu9",['#RenunciaPiÃ±era'],2019-07-29 01:16:55,38 S. 72 W
"1,14647174984184E+018",witgenuino,"Rompemarchas e infiltrados como es usual cada vez que se pretende exigir dignidad respeto y tus derechos  a un #GobiernoMediocre. â˜ï¸ğŸ˜Œ
Pero la culpa es de la marcha... Â¿cierto? ğŸ™„ 
Â¯\_(ãƒ„)_/Â¯ 
#FuerzaProfes 
#RenunciaCubillos 
#RenunciaPiÃ±era https://t.co/xp34P7myEf",['#RenunciaPiÃ±era'],2019-07-03 17:32:20,Symbiotic City - Paine Towers
"1,15490191538749E+018",Lamarycienta,Ssssiiiii x fiiiin!!!! Llevo tanto rato tratando de q la gente se organice y empiece cn su #RenunciaPiÃ±era https://t.co/dCIrucNvAU,['#RenunciaPiÃ±era'],2019-07-26 23:50:48,
"1,15484015515446E+018",quenoperez,"Hablando de #Bombazo
DÃ³nde estÃ¡n los militares desertores colombianos que ingresaron a Chile con autorizaciÃ³n del gobierno de PiÃ±era?
#bomba 
#carabineros 
#Bombas 
#tongo 
#Peligro 
#casocatrillanca 
#RenunciaPinera 
#renunciachadwick",[],2019-07-26 19:45:23,"Talca, Chile"
"1,15456064755787E+018",Roberto1Bruna,@Daniphaser Renuncia PiÃ±era. #RenunciaPiÃ±era,['#RenunciaPiÃ±era'],2019-07-26 01:14:43,
"1,14857302389892E+018",LordNaxus,Y dale con el gobierno anterior.. de verdad no sÃ© decir nada positivo sobre este gobierno #RENUNCIAPIÃ‘ERA #ubilla #Chadwick #CasoCatrillanca https://t.co/mypOOCBSOy,['#RenunciaPiÃ±era'],2019-07-09 12:42:03,"Santiago, Chile"
"1,14982872303577E+018",granborracho,@RealCarlos1234 Espero que la desvinculaciÃ³n genere ese precedente...que haga renunciar a los que como mÃ­nimo se equivoca... #renunciachadwcki #renunciapiÃ±era....,['#RenunciaPiÃ±era'],2019-07-12 23:51:45,"Metropolitana de Santiago, Chi"
"1,15344919283835E+018",grandovich,"AsÃ­ con los polÃ­ticos a nivel americano!!

Aprovechemos y
#RenunciaCubillos 
#renunciachadwick 
#RenunciaMaÃ±alich 
#RenunciapiÃ±era https://t.co/qrH3v4AW9z",['#RenunciaPiÃ±era'],2019-07-22 23:38:12,"Santiago, Metropolitana de San"
"1,15450778894236E+018",CrisMCastroS,"@EliasAJimenez @gebauer_r1 El problema no son los ministros sino el weeta que los nombra.
#RenunciaPiÃ±era 
#Jadue2020 
#NiCagandoAguantamosAl2022",['#RenunciaPiÃ±era'],2019-07-25 21:44:41,Al otro lado del celular.
"1,15007374537521E+018",SolConcepcion30,"@IgnacioPapadpo1 @LolaCataln2 Oh que ven .mis ojos es Venezuela o Chile ???? 
#Osorno Chille . 
Las Colas De Los Tiempos weones
#RenunciaPiÃ±era
#RenunciaCubillos 
ğŸ‡¨ğŸ‡± ğŸ‡¨ğŸ‡± ğŸ‡¨ğŸ‡± ğŸ‡¨ğŸ‡± ğŸ‡¨ğŸ‡± ğŸ‡¨ğŸ‡± ğŸ‡¨ğŸ‡± ğŸ‡¨ğŸ‡± ğŸ‡¨ğŸ‡± ğŸ‡¨ğŸ‡± ğŸ‡¨ğŸ‡±",['#RenunciaPiÃ±era'],2019-07-13 16:05:22,"ConcepciÃ³n, Chile"
"1,15409829029791E+018",kntrafacis,Que Grande la Gente de Puerto Rico un ejemplo de los ciudadanos q no permite q un wn racista homofobico que habla mal de su gente lo gobierne. Y nosotros cuando ğŸ¤”ğŸ¤”ğŸ¤” #RenunciaPiÃ±era,['#RenunciaPiÃ±era'],2019-07-24 18:37:29,"ViÃ±a del Mar, Chile"
"1,15219171085797E+018",HipogrifoChilen,@Chile_Alerta Esa es la â€œeficienciaâ€ ğŸ¤¢ğŸ¤® de la â€œempresa privadaâ€ que pregonaban las plastas de los Chicago Boys para apropiarse de las empresas de todos los chilenos!!ğŸ˜¡ğŸ˜¡ El agua debe ser estatizada AHORA!! #Essal #Osornobyl #TiemposPeores #ChileEnMarchaAtras #RenunciaPiÃ±era,['#RenunciaPiÃ±era'],2019-07-19 12:21:25,
"1,1545592592476E+018",Patrici35695598,@Cooperativa Ahora falta el chupa cabras  de alguna manera tiene que salir a flote esta mierda de gobierno. #renunciapiÃ±era y #elgobiernomiente.,['#RenunciaPiÃ±era'],2019-07-26 01:09:12,
"1,1544720021635E+018",witgenuino,"Si el remitente dejÃ³ sus datos entonces era mÃ¡s weÃ³n que el que anda dando esas declaraciones chantas.ğŸ¤¦â€â™‚ï¸â˜ï¸ğŸ˜…
#RenunciaPiÃ±era
#RenunciaChadwick
#GobiernoMediocre
ğŸ‘‰#AC https://t.co/dYa7le88sU",['#RenunciaPiÃ±era'],2019-07-25 19:22:29,Symbiotic City - Paine Towers
"1,15040361041046E+018",crisesmar1,"@sebastianpinera @WTravelAwards OjalÃ¡ algÃºn dÃ­a ğŸ‡¨ğŸ‡± deje d ser reconocido como el pais q eligiÃ³ 2 veces a un presidente CORRUPTO y LADRÃ“N y + encima q x arrancar dejÃ³ a su esposa sola 
Ud debe saber cÃ³mo se le denomina a esos hombres tambiÃ©n?
#renunciacubillos #RenunciaPiÃ±era
#Osornobyl #OsornoSinAguaPotable https://t.co/Ticp7fAgFa",['#RenunciaPiÃ±era'],2019-07-14 13:56:08,Chile
"1,15477818530695E+018",Caroexpress,"@aluksicc ve lo irresponsable q fue potenciar al delincuente y ponerlo en La Moneda?

Hoy nadie cree en PiÃ±era y eso es grave. A veces no es Ud y sus negocios lo mÃ¡s importante. 

Deje d posicionar hoy a Lavin q no es mÃ¡s q un maniquÃ­ de la 5ta Av N.York.

 #RenunciaPiÃ±era
#Tongo",['#RenunciaPiÃ±era'],2019-07-26 15:39:08,Santiago de Chile
"1,15158359436996E+018",sandrynave,Todo chile exige #RenunciaChadwick  y de pasadita #RenunciaPiÃ±era ğŸ˜âœŠğŸ¼ https://t.co/eQmf1NoNZQ,['#RenunciaPiÃ±era'],2019-07-17 20:04:58,santiago /Chile    
"1,15015035906474E+018",Painostroza,"@sebastianpinera No siquiera menciona el tema #OsornoSinAgua !!! Que desastre de No-presidente tenemos ğŸ™„
Tan poca cosa el y todos sus secuaces.
#RenunciaPiÃ±era
#RenunciaChadwick
#RenunciaCubillos
#Osorno",['#RenunciaPiÃ±era'],2019-07-13 21:09:49,"Santiago, Chilito"
"1,1489386669303E+018",Rrulo_stbn,#RenunciaChadwick #RenunciaUbilla #RenunciaCubillos #RenunciaPiÃ±era mejor #RenuncienTodosLosWeones ğŸ–•ğŸ–•ğŸ–•ğŸ’©ğŸ’©ğŸ’©ğŸ˜“ğŸ˜“ğŸ¤¬ğŸ¤¬ğŸ¤¬ https://t.co/Asi0m8Bse0,['#RenunciaPiÃ±era'],2019-07-10 12:54:59,"Puente Alto, Chile"
"1,15591735665016E+018",witgenuino,"MÃ¡s de lo mismo medidas parche sin ningÃºn trasfondo pura chaya... ğŸ˜ğŸ™„
#RenunciaPiÃ±era
#GobiernoMediocre
#NoMÃ¡sImprovisaciÃ³n
#NoMÃ¡sCorruptos
ğŸ‘‰#AC https://t.co/eg3ZZh7Ziv",['#RenunciaPiÃ±era'],2019-07-29 19:05:48,Symbiotic City - Paine Towers
"1,14837195828065E+018",witgenuino,"Para desviar la atenciÃ³n por el Caso #Catrillanca obviamente. ğŸ˜ğŸ™„
#RenunciaChadwick
#RenunciaPiÃ±era
#QueSeVayanTodos
#GobiernoMediocre
ğŸ‘‰#AC https://t.co/8ALTVhSa3Y",['#RenunciaPiÃ±era'],2019-07-08 23:23:05,Symbiotic City - Paine Towers
"1,15094252400717E+018",everhuguin,"@chivi45 @GobiernodeChile Renuncien ustedes no les sirven a los Chilenos !!
#cierrenfronteras
#chileparaloschilenos
#renunciapiÃ±era https://t.co/ji8LXIiaXi",['#RenunciaPiÃ±era'],2019-07-16 01:37:35,Chile
"1,15450412427411E+018",alexisAMLimport,@Cooperativa ğŸ¤¯ğŸ¤¯ğŸ¤¯ğŸ¤¦â€â™‚ï¸ğŸ¤¦â€â™‚ï¸ğŸ¤¦â€â™‚ï¸ğŸ¤¦â€â™‚ï¸ğŸ¤·â€â™‚ï¸ğŸ¤·â€â™‚ï¸ğŸ¤·â€â™‚ï¸csm que vergÃ¼enza ! #renunciapiÃ±era,['#RenunciaPiÃ±era'],2019-07-25 21:30:07,Chile
"1,15204749792743E+018",everhuguin,"#DerechoADeportar
Porque todo pais tiene un limite !
Ya es hora de salir a la calle a protestar!
#cierrenfronteras #chileparaloschilenos #renunciapiÃ±era
@GobiernodeChile 
@sebastianpinera 
@VivaChileTV 
@quenopiensenxti https://t.co/g4f5F816JJ",['#RenunciaPiÃ±era'],2019-07-19 02:48:22,Chile
"1,15633658526221E+018",PT92AF,"Y eso que tengo un Nokia 5120!!
ğŸ˜‚ğŸ˜‚ğŸ˜‚
#RenunciaPiÃ±era https://t.co/HTRumtCdUk",['#RenunciaPiÃ±era'],2019-07-30 22:51:40,"Santiago, Chile"
"1,1544454290371E+018",titomarcelo,"@donrenatos La teoria del terror de #Chadwick para evitar q el paÃ­s y la TV abierta hable del fuerte alza #Desempleo en Santiago y la inminente subida en el paÃ­s prontamente
#RenunciaPiÃ±era #MonckebergRenuncia",['#RenunciaPiÃ±era'],2019-07-25 17:36:53,"Iquique, Chile"
"1,15346715175333E+018",Andrea48617270,#RenunciaMaÃ±alich #RenunciaCubillos #RenunciaChadwick #RenunciaPiÃ±era vayanse todos! Gobierno nefasto de derecha vale callampa! ğŸ’© nadie les importa mÃ¡s que sus bolsillos y privilegios... #DespiertaChile,['#RenunciaPiÃ±era'],2019-07-23 00:49:34,
"1,14858601057973E+018",everhuguin,"@rosysilvalopez Ya hay que parar este circo !
Y no reclamando tras un teclado 
Es tiempo de organizarse ...
#CierrenFronteras  #ChileParaLosChilenos  #nosestaninvadiendo
#RENUNCIAPIÃ‘ERA 
#nomasrefugiados",['#RenunciaPiÃ±era'],2019-07-09 13:33:39,Chile
"1,15417035084809E+018",witgenuino,"No mÃ¡s impunidad para las vacas sagradas... ğŸ˜ğŸ™„
#RenunciaPiÃ±era
#FueraChadwick
#GobiernoMediocre
ğŸ‘‰#AC https://t.co/E37U8L1v5J",['#RenunciaPiÃ±era'],2019-07-24 23:23:49,Symbiotic City - Paine Towers
"1,15601954968836E+018",QLREPTILIANO,#RenunciaVizcarra #RenunciaPiÃ±era #RenunciaBolsonaro #RenuncienTodos Poder del pueblo ğŸ’ª,['#RenunciaPiÃ±era'],2019-07-30 01:51:53,Palestina 
"1,14660689907858E+018",sir_emm,#VamosChileCTM bueno ya que no vamos a la final y pasÃ³ el eclipse ahora lo importante #RenunciaPiÃ±era #RenunciaCubillos #AguanteLosProfes,['#RenunciaPiÃ±era'],2019-07-04 02:29:22,"ViÃ±a del Mar, Chile"
"1,1511036664448E+018",Linarvillegas,"Lo mismo pasa o pasarÃ¡ en Chile 
#renunciaPiÃ±era https://t.co/4OW6ospeQG",['#RenunciaPiÃ±era'],2019-07-16 12:17:55,Chile
"1,14619509318088E+018",cris_retmal,"Que saben de prioridades? @mcubillossigall suspendiÃ³ sesiÃ³n del senado para ver el tema de los profes para ir a ver el eclipse
Al lado un @sebastianpinera que no le interesa la educaciÃ³n si no es para fines comerciales

#RenunciaCubillos #renunciapinera https://t.co/6FlEbyKohC",[],2019-07-02 23:13:00,Padre las Casas
"1,15203746112154E+018",witgenuino,"Con los ciudadanos de #Osorno protestando en las calles tenemos muy claro que el presimiente PuÃ±eta estÃ¡ dando su mejor esfuerzo. Â¿Cierto? ğŸ˜ğŸ™„
#CagazoEnOsorno
#OsornoSinAgua
#EmergenciaCL
#RenunciaPiÃ±era
#GobiernoMediocre https://t.co/YLCuOpgUS2",['#RenunciaPiÃ±era'],2019-07-19 02:08:29,Symbiotic City - Paine Towers
"1,15476985940377E+018",CrisMCastroS,"@shesholastra @dmimica @usuario_m En serio paren con la weÃ¡ de pedir la renuncia a todos los ministros todos la cagan sin excepciÃ³n y si los llegan a cambiar serÃ¡ por otro que llegarÃ¡ a seguirla cagando el problema no son los ministros sino quien los nombra
#RenunciaPiÃ±era
#Jadue2020
#NiCagandoAguantamosAl2022",['#RenunciaPiÃ±era'],2019-07-26 15:06:03,Al otro lado del celular.
"1,15114514894182E+018",jandy1607,Eso mismo me digo yo inexplicable jajajaja de nuevo llenÃ¡ndose la boca con los niÃ±os. ParÃ¡  de mostrar ilusiones falsas no sirves y punto mejor hazte a un lado tÃº y tu gobierno de mentiras y pÃ©simas gestiones #renunciacubilllos #renunciachadwick #renunciapiÃ±era https://t.co/zrU7Qf1TFW,['#RenunciaPiÃ±era'],2019-07-16 15:02:45,"ValparaÃ­so, Chile"
"1,15458130714759E+018",witgenuino,"AsÃ­ las cosas el chiste del #tongo se cuenta solo... ğŸ¤¦â€â™‚ï¸ğŸ˜ğŸ™„
Ya tÃº sÃ¡e... #PiÃ±eraMienteğŸ¤¥
#NoMÃ¡sChantas
#GobiernoMediocre
#RenunciaPiÃ±era
#QueSeVayanTodos
#NoMÃ¡sCorruptos
ğŸ‘‰#AC https://t.co/A8H1sQrT79",['#RenunciaPiÃ±era'],2019-07-26 02:36:49,Symbiotic City - Paine Towers
"1,15490293673825E+018",churaleiva,@CNNChile Oye y pusieron una bomba adentro de la comisarÃ­a ? Csm ... Los pacos buenos ... #tongo #RenunciaPiÃ±era #renunciachadwick,['#RenunciaPiÃ±era'],2019-07-26 23:54:51,Grande Chile
"1,14875046819947E+018",witgenuino,"Que el #GobiernoMediocre no le venda humo hasta ahora los responsables del ASESINATO de #Catrillanca siguen haciÃ©ndose los weones.ğŸ™„ğŸ˜
#RenunciaPiÃ±era
#RenunciaChadwick
#RenunciaUbilla
#NoMÃ¡sChantas
#NoMÃ¡sImpunidad
#QueSeVayanTodos https://t.co/hIYC6RhJE4",['#RenunciaPiÃ±era'],2019-07-10 00:27:09,Symbiotic City - Paine Towers
"1,15620690891267E+018",witgenuino,"ReciÃ©n cacharon que el Gobierno de los Empresarios es un #GobiernoMediocre pero le compraron todas sus ""reformitas"" chantas y su accionar represivo.ğŸ˜¬ğŸ™„
Â¡AndÃ¡aaa! ğŸ¤¦â€â™‚ï¸ğŸ˜
#NoMÃ¡sChantas
#RenunciaPiÃ±era
#NoMÃ¡sCorruptos
ğŸ‘‰#AC https://t.co/bs8AMGlsge",['#RenunciaPiÃ±era'],2019-07-30 14:16:23,Symbiotic City - Paine Towers
"1,15424515280806E+018",almekanic,"@ACatapluto No durÃ³ ni dos meses y se contradijo 
#RenunciaChadwick
#RenunciaPiÃ±era https://t.co/QrPxPzpJRd",['#RenunciaPiÃ±era'],2019-07-25 04:21:03,
"1,14614697127672E+018",KaremAedoGonzal,"Hoy dejemos q se eclipsen los astros mas no nuestras mentes...
#NosCansamos 5 de julio
#YoApoyoElParoDocente #aulaseguraFracaso
#RenunciaCubillos 
#renunciachadwick 
#RenunciaPiÃ±era 
ğŸ‘ #EclipseSolar2019",['#RenunciaPiÃ±era'],2019-07-02 20:01:46,Santiago - Chile
"1,15565597766604E+018",oyarcecamusfito,@sebastianpinera Y montajes varios ! #renunciaPiÃ±era,['#RenunciaPiÃ±era'],2019-07-29 01:47:10,santiago centro 
"1,15565671363622E+018",pirireis191,@totoguzman Y #renunciachadwick y #renunciaubilla y #renunciapiÃ±era y #renunciaintendentadesantiago y mejor renuncien todos estos ineptos e ineficientes del #chilevamos ah falta #renunciamaÃ±alich,['#RenunciaPiÃ±era'],2019-07-29 01:50:06,chile
"1,15490236589348E+018",Lamarycienta,"@el_dinamo Gobierno anuncia puras weas!
PodrÃ­an anunciar la renuncia de PiÃ±era
 #RenunciaPiÃ±era",['#RenunciaPiÃ±era'],2019-07-26 23:52:35,
"1,14790155616933E+018",leo1105,@adnradiochile Idea Mia o estos weones son Primos jajajaj #tiemposweones #renunciapiÃ±era https://t.co/snemIPwDh6,['#RenunciaPiÃ±era'],2019-07-07 16:13:52,"Miami, FL"
"1,1521933893597E+018",HipogrifoChilen,@cronopioaustral Esa es la â€œeficienciaâ€ ğŸ¤¢ğŸ¤® de la â€œempresa privadaâ€ que pregonaban las plastas de los Chicago Boys para apropiarse de las empresas de todos los chilenos!!ğŸ˜¡ğŸ˜¡ El agua debe ser estatizada AHORA!! #Essal #Osorno #TiemposPeores #ChileEnMarchaAtras #RenunciaPiÃ±era,['#RenunciaPiÃ±era'],2019-07-19 12:28:05,
"1,15386988636559E+018",LuisJonathanGA,@sebastianpinera @mauriciomacri @COP25CL Firma la renuncia mejor aburrete de vender Chile y robarle a la gente ğŸ‘Œ #RenunciaPiÃ±era,['#RenunciaPiÃ±era'],2019-07-24 03:29:53,Santiago de Chile
"1,15082668558507E+018",Lamarycienta,"Entonces q renuncieeeee
#RenunciaPiÃ±era
#Renuncia https://t.co/IQplksW7cJ",['#RenunciaPiÃ±era'],2019-07-15 17:57:17,
"1,15442826025787E+018",wladimir_xk,"@sebastianpinera sigue el ejemplo y renuncia lÃ¡rgate del paÃ­s y llÃ©vate todos los ministros diputados senadores oficialistas y oposiciÃ³n son todos una jaurÃ­a de hienas
#RickyRenuncio 
#FelizJueves
#RenunciaPiÃ±era
#Justicia 
#QueSeVayanTodos
#NoMasAFP https://t.co/cCMRW62NFD",['#RenunciaPiÃ±era'],2019-07-25 16:28:40,
"1,15208216802734E+018",SolConcepcion30,"@Guarequena @Pa__tty Sra. Chile estÃ¡ igual que Venezuela eso son sus problemas #OsornoSinAgua 
#fuerzaprofesores 
#RenunciaPiÃ±era",['#RenunciaPiÃ±era'],2019-07-19 05:06:08,"ConcepciÃ³n, Chile"
"1,15476129101119E+018",ricardo05945492,"Apuesto lo que quieran que el corte de agua ğŸ’§ pasÃ³ al olvido y lo mÃ¡s lamentable es que no habrÃ¡ sanciones a ESSAL hay tantos ejemplos de Ã©ste gobierno y sus TONGOS  #tongo
#RenunciaPiÃ±era",['#RenunciaPiÃ±era'],2019-07-26 14:32:00,
"1,15203554489481E+018",bina_victoria,"#DerechoADeportar 
#DeportacionMasiva 
#TraicionadosPorPiÃ±era 
La nefasta Lily Perez y el traidor PiÃ±era. Los jinetes del Apocalipsis.
#TraicionadosPorPiÃ±era 
#RenunciaPiÃ±era 
#FueraPiÃ±era https://t.co/pV08BJUYOm",['#RenunciaPiÃ±era'],2019-07-19 02:00:52,Mi tranquila ciudad
"1,14682947383425E+018",KaremAedoGonzal,#RenunciaCubillos #renunciachadwick #RenunciaPiÃ±era #NosCansamos 5 de Julio ğŸ’ªğŸ’ªğŸ’ª https://t.co/KYNR9jbd3V,['#RenunciaPiÃ±era'],2019-07-04 17:13:48,Santiago - Chile
"1,14896435802355E+018",Dieghost90,Como se engaÃ±Ã³ a la gente con eso de los #TiemposMejores y lo Ãºnico que hay es un paÃ­s que se cae a pedazos con polÃ­ticos corruptos que solo velan por sus intereses #RenunciaPiÃ±era,['#RenunciaPiÃ±era'],2019-07-10 14:37:04,"Santiago, Chile"
"1,15537778157809E+018",ParisBrunetti,"@Chileokulto SÃ­ndrome de Tourette..
#RenunciaPiÃ±era",['#RenunciaPiÃ±era'],2019-07-28 07:21:43,/ğŸ‡¨ğŸ‡­/ğŸ‡¨ğŸ‡±
"1,14646865440354E+018",witgenuino,"âš ï¸#OjoAhÃ­ que andan alborotados los #bots #trolls y #haters contrarios al #ParoNacionalDocente. AsÃ­ que NO los alimente.â˜ï¸ğŸ˜Œ
#FuerzaProfes
HASTA QUE LA DIGNIDAD SE HAGA COSTUMBRE ğŸ˜ŒğŸ‘
#RenunciaCubillos
#RenunciaPiÃ±era
#GobiernoMediocre https://t.co/wvnDP2UD55",['#RenunciaPiÃ±era'],2019-07-03 17:20:02,Symbiotic City - Paine Towers
"1,15627388098777E+018",witgenuino,"Ooooh se pusieron las chaquetas rojas otsea por fin llegarÃ¡n los #TiemposMejores Â¿cierto? #OhWait ğŸ¤”ğŸ¤¦â€â™‚ï¸ğŸ˜
#NoMÃ¡sChantas
#NoMÃ¡sCirco
#GobiernoMediocre
#RenunciaPiÃ±era
ğŸ‘‰#AC https://t.co/CxlXeZTCmf",['#RenunciaPiÃ±era'],2019-07-30 18:42:30,Symbiotic City - Paine Towers
"1,14675193819895E+018",OyanederG,"Y que no se nos olvide tampoco #QuinteroYPuchuncavÃ­ 

#RenunciaPiÃ±era 
#RenunciaSchmidt 
#RenunciaCubillos https://t.co/IBszGR6PFv",['#RenunciaPiÃ±era'],2019-07-04 12:05:42,"ViÃ±a del Mar, Chile"
"1,14869313958834E+018",everhuguin,"@Lafacha8 @Flopi_Jackson_ @ceciperez1 Haganle un favor a Chile ...RENUNCIEN TODOS !! Y dejen que gobiernen Chilenos DE VERDAD !
#cierrenfronteras #chileparaloschilenos
#nosestaninvadiendo
#nomasrefugiados
#RENUNCIAPIÃ‘ERA https://t.co/91cUyX0OAK",['#RenunciaPiÃ±era'],2019-07-09 20:39:20,Chile
"1,15040614249921E+018",everhuguin,"@MiguelCalisto @sebastianpinera Para su conocimiento Tacna es territorio Peruano !
Ahora yo le pregunto... los va a mantener usted con su sueldo ? 
#cierrenfronteras #chileparaloschilenos #nosestaninvadiendo
#renunciapiÃ±era
#aquifaltapinochet https://t.co/XadD4j7JT7",['#RenunciaPiÃ±era'],2019-07-14 14:06:12,Chile
"1,15444464551611E+018",titomarcelo,"#TiemposPeores el terror de #Chadwick con bombazo en #Huechuraba es ""noticia nacional"" cuando la noticia de terror es el #Desempleo en #GranSantiago el + alto en 10 aÃ±os con casi 220 mil cesantes #JuevesNegro para #RenunciaPiÃ±era #QueSeVayanTodos #MonckebergRenuncia",['#RenunciaPiÃ±era'],2019-07-25 17:33:46,"Iquique, Chile"
"1,14656093977023E+018",crisesmar1,"@MARAJOSANDONAE3 @putt_gloria Put... La mina pa tonta ğŸ¤¦ğŸ»â€â™€ï¸
Te estÃ¡n metiendo eso mismo ahÃ­ mismo y tÃº todavÃ­a crees que es culpa del gobierno anterior 
Hay que ser muy idiota 
#RenunciaCubilllos #RenunciaChadwick #RenunciaPiÃ±era 
#AguanteLosProfes 
#ParoDocente 
Ahhh y que conste que me carga decir soeces ğŸ˜¡ https://t.co/FF6ldKH3G1",['#RenunciaPiÃ±era'],2019-07-03 23:26:44,Chile
"1,15200645376435E+018",SantanaCamus,@gonzalowinter Gracias honorable diputado del 1% que seria de chile sin usted quiero un chile sin publicidad ! Cuanto dueles chile ! #beasanchezpresidenta para acabar con los carteles fascistas de hamburguesas urgencia nacional #renunciapiÃ±era.,['#RenunciaPiÃ±era'],2019-07-19 00:05:16,Chile
"1,15234737135281E+018",everhuguin,"@abellolio @DptoExtranjeria Renuncien todos y dejen que gobiernen Chilenos de verdad !
Chile para los Chilenos !
#cierrenfronteras
#derechoadeportar
#chileparaloschilenos
#aquifaltapinochet 
@VivaChileTV 
#renunciapiÃ±era https://t.co/7uMFoS1rjd",['#RenunciaPiÃ±era'],2019-07-19 22:39:57,Chile
"1,15016066810612E+018",everhuguin,"@reneivanramirez @l0lamaria De seguro si hubiera sido en la fontera  hubieran corrido a reparar todo !
#cierrenfronteras #chileparaloschilenos
#renunciapiÃ±era",['#RenunciaPiÃ±era'],2019-07-13 21:50:46,Chile
"1,14607951301467E+018",alexisAMLimport,"@nmonckeberg Oye monckeberg eres bien weon !!
Por decirlo en una palabra simple renuncien son una vergÃ¼enza de gobierno  #renunciapiÃ±era y tÃº gobierno nefasto https://t.co/HSXW2Usaw3",['#RenunciaPiÃ±era'],2019-07-02 15:33:43,Chile
"1,15449990907409E+018",IntiRivera,"Â¿Y Chile cuÃ¡ndo?

Â¿Por quÃ© acÃ¡ mantenemos tan naturalizado tener un gobierno de incompetentes que a medida que hace agua nos perjudica a todos?

#TiemposDeHorrores #NoTeDeclararonReoPorLindo #RenunciaPiÃ±era #RenunciaChadwick #RenunciaPÃ©rez #RenunciaMaÃ±alich #RenunciaCubillos https://t.co/l3eiFF3Cs1",['#RenunciaPiÃ±era'],2019-07-25 21:13:22,
"1,14910531499581E+018",witgenuino,"Con todo el #GobiernoMediocre ya logrÃ³ meter la cola en el #ParoNacionalDocente y dividiÃ³ la movilizaciÃ³n ya tÃº sÃ¡e... ğŸ˜ğŸ™„
#RenunciaCubillos
#RenunciaPiÃ±era
#NoMÃ¡sChantas
ğŸ‘‰#AC https://t.co/pw9ezTM1GC",['#RenunciaPiÃ±era'],2019-07-10 23:57:11,Symbiotic City - Paine Towers
"1,15629731557505E+018",monodecalle,Incitando al odio @sebastianpinera #RenunciaPiÃ±era https://t.co/sKZPzbmTvs,['#RenunciaPiÃ±era'],2019-07-30 20:15:37,"Algarrobo, Chile"
"1,15477893236283E+018",UnCiuda43063034,"@T13 @miguelacuna13 Gobierno incapaz y peligroso para todo los chilenos.
#tongo #RenunciapiÃ±era #renunciachadwick",['#RenunciaPiÃ±era'],2019-07-26 15:42:06,
"1,15474736524659E+018",GabrielBerrios_,@andreschadwickp @Carabdechile @sebastianpinera @GobiernodeChile @min_interior @SubPrevDelito @Sub_Interior #Tongo #Montaje tÃ­pico de ustedes y de @Carabdechile . #RenunciaPiÃ±era,['#RenunciaPiÃ±era'],2019-07-26 13:36:40,MÃ©xico - Chile 
"1,15621047347962E+018",witgenuino,"Tiene razÃ³n es pura coincidencia que ""aprovechara"" el evento para promocionar y exigir que voten a favor de su chanta ""ley antiterrorista"" ğŸ˜ğŸ™„
Â¡AndÃ¡aaa! ğŸ˜
#RenunciaPiÃ±era
#NoMÃ¡sChantas
#GobiernoMediocre
ğŸ‘‰#AC
Â¯\_(ãƒ„)_/Â¯ https://t.co/G2QwSdIFfH",['#RenunciaPiÃ±era'],2019-07-30 14:30:32,Symbiotic City - Paine Towers
"1,14865421288627E+018",HipogrifoChilen,@CNNChile #RenunciaChadwick #RenunciaUbilla #RenunciaPiÃ±era #TiemposPeores #ChileEnMarchaAtras !!!ğŸ˜¡ğŸ˜¡ğŸ˜¡ Camilo Catrillanca,['#RenunciaPiÃ±era'],2019-07-09 18:04:39,
"1,15477220782816E+018",cesylvesterzen,@Cooperativa A lo Trump...estamos en guerra...PiÃ±era CTM la guerra que deberÃ­as dar es en contra del desempleo pero te es mÃ¡s fÃ¡cil culpar a un grupo terrorista inexistente... #RenunciaPiÃ±era,['#RenunciaPiÃ±era'],2019-07-26 15:15:23,"ConcepciÃ³n, Chile"
"1,15202047940782E+018",SolConcepcion30,"#OsornoZuela #ChileZuela ğŸ‡¨ğŸ‡±
El Karma de PiÃ±era y UDI -RN.    #OsornoSinAguaOTRAVEZ
Con unidad y en las calle es posible generar en Chile las  transformaciones como  RENACIONALIZACIÃ“N de nuestros recursos naturales @24HorasTVN  #RenunciaPiÃ±era @HarryJurgensen @jguaido @Guarequena https://t.co/ktg9QdAt27",['#RenunciaPiÃ±era'],2019-07-19 01:01:00,"ConcepciÃ³n, Chile"
"1,15591746986704E+018",PABLOQUIONESMOR,@soychilecl Hoy en chile esta la CAGADA por donde se le mire y a este PAYAZO el Cadem le coloca un % ERRONEO a la realidad. #renunciapiÃ±era,['#RenunciaPiÃ±era'],2019-07-29 19:06:15,Santiago/Chile
"1,15565542975576E+018",Patrici26536495,@sebastianpinera PiÃ±era!!... te acuerdas cuando en tu campaÃ±a presidencial atacaste al gobierno de Bachelet porque tenÃ­a un 66% de cesantÃ­a???.... Â¿QuÃ© dices ahora que tu gobierno  tiene un 84% de cesantÃ­a?... #RenunciaPiÃ±era https://t.co/r53hnLO8fr,['#RenunciaPiÃ±era'],2019-07-29 01:45:00,
"1,15303470230081E+018",apc010208,"@Pablonu49053326 entonces esta claro el siguiente paso a seguir y seria:

#RENUNCIAPIÃ‘ERA !",['#RenunciaPiÃ±era'],2019-07-21 20:11:10,"Nawelbuta, Wallmapu"
"1,15202279033933E+018",bina_victoria,"#TraicionadosPorPiÃ±era 
Un Presidente traidor como PiÃ±era debe ser borrado hasta de la historia de Chile.
#RenunciaPiÃ±era 
#TraicionadosPorPiÃ±era https://t.co/jqJM1GhdP8",['#RenunciaPiÃ±era'],2019-07-19 01:10:11,Mi tranquila ciudad
"1,14627176180736E+018",LaPresuntuosa,"#RenunciaCubillos
#RenunciaPiÃ±era 
En pleno conflicto con la educaciÃ³n el presidente (no mÃ­o) se lleva a la Ministra displicente a ver el eclipse sentada a su derecha. Esto nos deja claro que a ambos les queda grande el poncho",['#RenunciaPiÃ±era'],2019-07-03 04:17:39,Santiago de Chile
"1,15304220053781E+018",apc010208,"@elmostrador Y AUNQUE SE ENFERMEN ""EN PANTALLA"" NO PODRAN LLEVARLOS AL SAMU PORQUE TAMBIEN CERRO INDEFINIDAMENTE HASTA ASEGURAR INOCUIDAD DE ESA MISMA AGUA POTABLE.
#EstatizarServiciosBasicos #RenunciaPiÃ±era !!!!!!!.",['#RenunciaPiÃ±era'],2019-07-21 20:40:57,"Nawelbuta, Wallmapu"
"1,15413421921346E+018",CrisMCastroS,"Porque esto que hace hoy lo lleva haciendo cada dÃ­a desde que asumiÃ³.
#RenunciaPiÃ±era. 
#RenunciaPiÃ±eraQlo. 
#RenunciaPiÃ±eraMilVecesQloXLosSiglosDeLosSiglosAmÃ©n https://t.co/Z1aQnkGo41",['#RenunciaPiÃ±era'],2019-07-24 21:00:15,Al otro lado del celular.
"1,15204216631691E+018",witgenuino,"Es tan creÃ­ble que hay que salir a prestarle ropa por la TVendida Â¿Cierto?ğŸ˜ğŸ™„
#CagazoEnOsorno
#OsornoSinAguaPotable
#EmergenciaCL
#RenunciaPiÃ±era
#GobiernoMediocre https://t.co/hyHn4TBQu7",['#RenunciaPiÃ±era'],2019-07-19 02:27:11,Symbiotic City - Paine Towers
"1,15447392178722E+018",titomarcelo,"Mientras despiden a cientos de trabajadores acallandolos a mordaza para q vivan con miedo terror e inseguridad todo a beneplÃ¡cito d los ricos
#RenunciaPiÃ±era #RenunciaChadwick #RenunciaMonckeberg #QueSeVayanTodos",['#RenunciaPiÃ±era'],2019-07-25 19:30:06,"Iquique, Chile"
"1,15437138514328E+018",alexisAMLimport,@adnradiochile PiÃ±era este csm es weon ?  Creo que si ğŸ¤·â€â™‚ï¸.cuando un weon csm con el ha usado las influencias para safarse de la justicia viene y tira esta Frase para el Oscar ğŸ¤¦â€â™‚ï¸.   #renunciapiÃ±era eres el peor gobierno y presidente de la historia de ğŸ‡¨ğŸ‡±,['#RenunciaPiÃ±era'],2019-07-25 12:42:40,Chile
"1,14945537774392E+018",felipelestark,#RENUNCIAPIÃ‘ERA TU GOBIERNO NOS CAGA DÃA TRAS DÃA INDOLENTES DÃ‰SPOTAS DEJEN LA TETAAAAA!!!!,['#RenunciaPiÃ±era'],2019-07-11 23:08:12,
"1,14618944633903E+018",CrisMCastroS,"@24HorasTVN Hay que reconocer que gracias a ti estamos mÃ¡s unidos que nunca desde ambos espectros de la polÃ­tica juntos te decimos :
#RenunciaPiÃ±era",['#RenunciaPiÃ±era'],2019-07-02 22:50:33,Al otro lado del celular.
"1,15040035004368E+018",everhuguin,"@sebastianpinera @WTravelAwards El mejor destino para haitianos colombianosvenezolanos
Vaya a vender la pomada a otro lado !
#chileparaloschilenos #nosestaninvadiendo #nomasrefugiados #cierrenfronteras
#renunciapiÃ±era",['#RenunciaPiÃ±era'],2019-07-14 13:43:11,Chile
"1,14719113475573E+018",RendirseJamass,El alcalde estÃ¡ fuera de si @AlessandriFelip Por eso debe ser destituido YA. Ni al dictador Pinochet se le ocurriÃ³ cerrar el Instituto Nacional #RenunciaPiÃ±era #RenunciaCubillos #RenunciaCubillos,['#RenunciaPiÃ±era'],2019-07-05 17:10:54,En todo el mundo
"1,15588541801927E+018",CLEIVAD,"@LegadoBachelet @mbachelet Necesitamos recuperar decencia de nuestro Pais.

#InformeEspecial
#renunciapiÃ±era #renunciachadwick #TiemposMejores #FelizLunes #29Jul #Panamericanos #PasapalabraCHV #NataciÃ³n #MondayMotivation #AlgoSalioMal #GalaYoSoyCHV #lluvia #CHVNoticias @Emol @T13 @TVN",['#RenunciaPiÃ±era'],2019-07-29 16:58:53,"Providencia, Chile"
"1,14577860634761E+018",MARIO_LUIGGI,PIÃ‘ERA ESTARÃ EN UN COLEGIO DE LA HIGUERA VIENDO EL ECLIPSE. #RENUNCIAPIÃ‘ERA A VO TAMBIEN TE QUEDÃ“ GRANDE EL PONCHO.,['#RenunciaPiÃ±era'],2019-07-01 19:38:01,santiago de chile
"1,15477298117813E+018",Enriprimero,Ante la situaciÃ³n catastrÃ³fica del paÃ­s y el Ãºltimo #tongo es hora de hablar de la #RenunciaPiÃ±era,['#RenunciaPiÃ±era'],2019-07-26 15:18:28,Santiago Chile
"1,15218325983459E+018",HipogrifoChilen,@sebastianpinera Esa es la â€œeficienciaâ€ ğŸ¤¢ğŸ¤®ğŸ¤® de la â€œempresa privadaâ€ que pregonaban las plastas de los Chicago Boys!!!ğŸ˜¡ğŸ˜¡ El agua debe ser estatizada AHORA!! #Osorno #RenunciaPiÃ±era !!!,['#RenunciaPiÃ±era'],2019-07-19 11:47:50,
"1,15165337692666E+018",Roberto1Bruna,"Ya es suficiente. Nada mÃ¡s de Chadwick Ubilla o el ratÃ³n de cola pelÃ¡ que sea. Lo importante y necesario ahora:
#RenunciaPiÃ±era.",['#RenunciaPiÃ±era'],2019-07-18 00:42:16,
"1,15624570949204E+018",witgenuino,"Ya tÃº sÃ¡eğŸ¤¥
#RenunciaPiÃ±era
#NoMÃ¡sImprovisaciÃ³n
#NoMÃ¡sChantas
#GobiernoMediocre
ğŸ‘‰#AC https://t.co/q1po0K471L",['#RenunciaPiÃ±era'],2019-07-30 16:50:33,Symbiotic City - Paine Towers
"1,14911109780444E+018",HipogrifoChilen,@vagoilustrado Por quÃ© no hacer que TODOS los colegios pÃºblicos sean de EXCELENCIA???!! Eso deberÃ­a ser la primera prioridad del gobierno y NO hacer competir a los niÃ±os por obtener su derecho a la educaciÃ³n!!! #RenunciaCubillos #TiemposPeores #ChileEnMarchaAtras #RenunciaPiÃ±era !!!,['#RenunciaPiÃ±era'],2019-07-11 00:20:09,
"1,14863825384477E+018",ricardoarriagad,@adnradiochile Que quÃ© podrÃ­a haber hecho?? No mentir por ejemplo.. o podrÃ­a haber hecho las cosas bien... ufff podrÃ­a haber hecho miles de cosas pero optÃ³ por ser un mentiroso y corrupto #RenunciaChadwick #RENUNCIAPIÃ‘ERA tienen el paÃ­s patas pa'rriba.. #TiemposWeones,['#RenunciaPiÃ±era'],2019-07-09 17:01:15,Chile
"1,15387163380066E+018",LuisJonathanGA,@sebastianpinera @Senado_Chile @CamaraDiputados El circo completo los vagos que lo Ãºnico que hacen es llenarse los bolsillos... Entre Senado cÃ¡mara y el presi no sÃ© cual sirve menos... #RenunciaPiÃ±era,['#RenunciaPiÃ±era'],2019-07-24 03:36:50,Santiago de Chile
"1,15451323413037E+018",witgenuino,"""Respecto al artefacto dirigido al exsecretario de Estado el cual segÃºn contÃ³ el Mandatario ğŸ‘‰tenÃ­a el mismo remitenteğŸ‘ˆ que el paquete que detonÃ³ en Huechuraba""ğŸ¤¦â€â™‚ï¸ğŸ™„ğŸ˜
#RenunciaPiÃ±era
#RenunciaChadwick
#GobiernoMediocre
ğŸ‘‰#AC https://t.co/6wpsiklzzA",['#RenunciaPiÃ±era'],2019-07-25 22:06:19,Symbiotic City - Paine Towers
"1,14936393493746E+018",wladimir_xk,"@CNNChile Ponen al lobo a cuidar las ovejas..... @sebastianpinera dando manga ancha para el negocio del siglo de las FFAA una verdadera VERGUENZA de presidente 
#RenunciaChadwick 
#RenunciaCubillos 
#RenunciaPiÃ±era",['#RenunciaPiÃ±era'],2019-07-11 17:04:50,
"1,15217856954151E+018",PachyPalma,"Con un gobierno q no gobierna cn un presidente megalomano cn autoridades mitomanas y un sequito de asesores inoperantes e incapaces...q menos se espera??? 
#RenunciaPiÃ±era https://t.co/BKBA9Pu7cp",['#RenunciaPiÃ±era'],2019-07-19 11:29:12,Casiopea 
"1,14944977409924E+018",sir_emm,@el_dinamo Y si los jubilados de FF.AA. se acogen a una jubilaciÃ³n por AFP? A no perderÃ­an mucho. Mejor que los civiles se acojan a una jubilaciÃ³n como las de las FF.AA. a no quieren todo regalado! #TiemposPeores #RenunciaPiÃ±era #ChileenMarchaatras,['#RenunciaPiÃ±era'],2019-07-11 22:45:56,"ViÃ±a del Mar, Chile"
"1,33196902829059E+018",BeniwalAaina,30 Photos Taken In Dubai That Will Destroy Your Stereotypes,[],2020-11-26 14:32:17,India
"1,15419920914864E+018",karlonc,@PiensaPrensa @sebavasquez_cl @jmanalich No tengo conocÃ­miento o recuerdo de haber vivido un gobierno con tantos ministros incompetentes y eso hace a un presidente ÃDEM  #renunciapiÃ±era,['#RenunciaPiÃ±era'],2019-07-25 01:18:30,"Recoleta, Chile"
"1,15159354063342E+018",witgenuino,"Ah y obviamente el PuÃ±eta tambiÃ©n vale ğŸ„
ğŸ˜ğŸ™„
#RenunciaPiÃ±era
#GobiernoMediocre
#NoMÃ¡sChantas
Â¯\_(ãƒ„)_/Â¯",['#RenunciaPiÃ±era'],2019-07-17 20:44:30,Symbiotic City - Paine Towers
"1,14570237409646E+018",almekanic,Buen dÃ­a #ParoNacionalDocente #YoApoyoElParoDocente #RenunciaCubillos #RenunciaPiÃ±era #RenunciaChadwick,['#RenunciaPiÃ±era'],2019-07-01 14:35:06,
"1,14681063398964E+018",Fransteriusz,"@24HorasTVN Nadie te quiere @sebastianpinera ... hoy hablaste del paro de profes... ""es lamentable porque les afecta a los mas pobres..."" nos afecta a todos CTM a todos... 
#RenunciaPiÃ±era",['#RenunciaPiÃ±era'],2019-07-04 15:58:56,"Ã‘uÃ±oa, Santiago de Chile"
"1,152043784299E+018",quenoperez,"Lo Ãºnico que falta es que ahora salga Cecilia PÃ©rez diciendo que quien contaminÃ³ el agua con petrÃ³leo en #OsornoSinAguaPotableOTRAVEZ 
fue Michelle Bachelet su caballito de batalla.
#renunciapiÃ±era",['#RenunciaPiÃ±era'],2019-07-19 02:33:36,"Talca, Chile"
"1,15463104480246E+018",VersionFlow,Dios mÃ­o acertÃ© con lo que dije en la tarde #tongo #montaje o alguna otra basura de este nefasto gobierno en definitiva debemos empezar a mirar a la isla de Puerto Rico y seguir su ejemplo salir a la calle a pedir la renuncia del presidente #RenunciaPiÃ±era #renunciachadwick ya,['#RenunciaPiÃ±era'],2019-07-26 05:54:27,SCL Chile
"1,15337575673672E+018",vickytadelcampo,Definitivamente este gobierno es una vergÃ¼enza monumental cada personaje instalado en un cargo es un estÃºpido parlante. Que asco de paÃ­s! #RenunciaPiÃ±era #RenunciaChadwick #RenunciaCubillos #RenunciaMaÃ±alich #RenunciaPerez,['#RenunciaPiÃ±era'],2019-07-22 18:46:23,"La Reina, Chile"
"1,15514800005603E+018",escaleradecarac,@sebastianpinera Y porque no renuncias ahora para que te dejes de cagar mas al pais. No se si contaminan mas las bolsas o tu a este pais. #renunciapiÃ±era,['#RenunciaPiÃ±era'],2019-07-27 16:08:39,"Metropolitana de Santiago, Chi"
"1,15444236114301E+018",titomarcelo,"#TiemposPeores #GranSantiago su mayor desempleo.Y ya me imagino como se viene la mano para el paÃ­s en las prÃ³ximas semanas 

Si #PuertoRico ğŸ‡µğŸ‡· pudo sacar a su Gobernador porque no #Chile ğŸ‡¨ğŸ‡± puede sacar a #PiÃ±era y su Gobierno corrupto
#RenunciaPiÃ±era #JuevesNegro para La Moneda",['#RenunciaPiÃ±era'],2019-07-25 17:24:42,"Iquique, Chile"
"1,14896524399075E+018",Vyky65982964,"Escribelo con confianza!
Yeta
Mentiroso
#RenunciaPiÃ±era
#RenunciaChadwick 
#RenunciaCubillos 
#RenunciaUbilla https://t.co/VEbXYepV5C",['#RenunciaPiÃ±era'],2019-07-10 14:40:35,"Santiago, Metropolitana de San"
"1,15478802411638E+018",MacarenaJohns,@marylen61 #tongo razon suficiente para salir a las calles como en Puerto Rico y gritar #RenunciaPiÃ±era,['#RenunciaPiÃ±era'],2019-07-26 16:18:14,"Pacific Grove, CA"
"1,15619762965262E+018",witgenuino,"Aers luego que se cuestionara el ""evento"" como #tongo porque nadie se adjudicÃ³ su autorÃ­a justo ahora aparece un grupo anarquista atribuyÃ©ndoselo. ğŸ¤”ğŸ™„
Â¡AndÃ¡aaaa! ğŸ¤¦â€â™‚ï¸ğŸ˜…
#MÃ¡sSospechosaLaWeÃ¡
#GobiernoMediocre
#RenunciaPiÃ±era
ğŸ‘‰#AC https://t.co/Tjlt5ra174",['#RenunciaPiÃ±era'],2019-07-30 13:39:30,Symbiotic City - Paine Towers
"1,15479098190618E+018",AleidaAguilante,Si Puerto Rico lo logrÃ³ por que Chile no podrÃ­a!? #RenunciaPiÃ±era,['#RenunciaPiÃ±era'],2019-07-26 16:29:59,"Punta Arenas, Chile"
"1,1511994175691E+018",everhuguin,"@T13 Las cosas como son
 Informen con la verdad !
#cierrenfronteras #chileparaloschilenos
#nosestaninvadiendo
#renunciapiÃ±era https://t.co/dHbvb1ZV96",['#RenunciaPiÃ±era'],2019-07-16 18:38:24,Chile
"1,14552414879972E+018",chileesnuestro,@latercera HablÃ³ el que mÃ¡s sabe de ilegalidades! SebastiÃ¡n PiÃ±era no tienes calidad moral para hablar de lo que es o no legal tampoco para gobernar. #RenunciaPiÃ±era #YoApoyoElParoDocente,['#RenunciaPiÃ±era'],2019-07-01 02:46:54,"Parral, Chile"
"1,14869908278286E+018",jandry_75,CULPABLES #RenunciaUbilla #RenunciaChadwick #RenunciaPiÃ±era #RenunciaCubillos https://t.co/usWtR3CgM2,['#RenunciaPiÃ±era'],2019-07-09 21:02:57,
"1,1526386361161E+018",everhuguin,"@T13 De la cara presidente y responda a la ciudadania ... usted  va a  mantener a toda esta gente  ? 
Si va a gobernar para los extranjeros RENUNCIE !!
@sebastianpinera
@GobiernodeChile
#derechoadeportar
#renunciapiÃ±era
#cierrenfronteras https://t.co/iv5IBinNwM",['#RenunciaPiÃ±era'],2019-07-20 17:57:20,Chile
"1,15470236814491E+018",MejiaNarr,"Oye @sebastianpinera...
CHILE SE CAE A PEDAZOS pero no lo sigas haciendo mÃ¡s tira.
#BONBAZO
NADIE TE CREE
#RenunciaPiÃ±era",['#RenunciaPiÃ±era'],2019-07-26 10:37:52,
"1,15438275497869E+018",ignacioaballay,"Chile tambiÃ©n la puede hacer
#RenunciaChadwick
#RenunciaCubillos
#RenunciaMaÃ±alich
#RenunciaPiÃ±era

#RickyRenuncio",['#RenunciaPiÃ±era'],2019-07-25 13:27:50,"Metropolitana de Santiago, Chi"
"1,15453124953009E+018",Maritza58800744,@sebastianpinera Toda mi solidaridad a carabineros acto despreciable evidentemente originado para desviar la atenciÃ³n a todo lo malo que pasa en el paÃ­s cobarde actitud. #RenunciaPiÃ±era y #renunciachadwick,['#RenunciaPiÃ±era'],2019-07-25 23:17:54,"ValparaÃ­so, Chile"
"1,15228548266084E+018",everhuguin,"@sole2005 @Eli2824 @GobiernodeChile Asi como nos organizamos para un   tuitazo...
 Ahora queda salir a la calle a protestar !
#cierrenfonteras
#derechoADeportar
#piÃ±eratraidor
#renunciapiÃ±era
#nosestaninvadiendo 
@VivaChileTV 
@quenopiensenxti 
#chileparaloschilenos https://t.co/5ZNR97GFWI",['#RenunciaPiÃ±era'],2019-07-19 18:34:02,Chile
"1,14803111746489E+018",witgenuino,"Bastante difÃ­cil con un #GobiernoMediocre que sÃ³lo busca destruir la #EducaciÃ³nPÃºblica. ğŸ˜ğŸ™„
#FuerzaProfes
#EducaciÃ³nGratuita
#NoMÃ¡sImprovisaciÃ³n
#RenunciaPiÃ±era
#RenunciaCubillos https://t.co/c6ws79x6yS",['#RenunciaPiÃ±era'],2019-07-08 00:48:42,Symbiotic City - Paine Towers
"1,15198224706881E+018",ErikaSilvaPare1,@sebastianpinera hasta cuando sigue favoreciendo a las afp? el gobierno es para todos! no para los ricos! deja de llenarte los bolsillos y los de tu familia #renunciapiÃ±era,['#RenunciaPiÃ±era'],2019-07-18 22:29:05,
"1,14892129919406E+018",caro_magaly,#RenunciaChadwick #renunciacubilllos #RenunciaPiÃ±era #RenunciaUbilla #RenunciaPerez quiÃ©n mÃ¡s???,['#RenunciaPiÃ±era'],2019-07-10 11:45:58,
"1,14858506452097E+018",everhuguin,"@AngelaFimmel @joseantoniokast Porque no empezamos por pedirle la renuncia a PiÃ±era ! 
#CierrenFronteras  #ChileParaLosChilenos  #nosestaninvadiendo
#RENUNCIAPIÃ‘ERA 
#AquiFaltaPinochet",['#RenunciaPiÃ±era'],2019-07-09 13:29:53,Chile
"1,15485495377046E+018",felipelestark,QuÃ© horrendo tu discurso @sebastianpinera eres un nefasto #RenunciaPiÃ±era https://t.co/ph76nROj4L,['#RenunciaPiÃ±era'],2019-07-26 20:44:11,
"1,14943581796792E+018",witgenuino,"Todos los ""honorables"" del #GobiernoMediocre deberÃ­an irse especialmente aquellos chantas que hace rato estÃ¡n dando jugo y haciÃ©ndose los weones.â˜ï¸ğŸ˜Œ
#RenunciaPiÃ±era
#RenunciaChadwick
#RenunciaUbilla
#RenunciaCubillos
#QueSeVayanTodos
ğŸ‘‰#AC https://t.co/v5J5nGwXmw",['#RenunciaPiÃ±era'],2019-07-11 21:50:29,Symbiotic City - Paine Towers
"1,15207438700203E+018",SabinaMachuca,"No me siento culpable no votÃ© por @sebastianpinera. 
#RenunciaPiÃ±era
#TraicionadosPorPiÃ±era https://t.co/ZTcndgrHVt",['#RenunciaPiÃ±era'],2019-07-19 04:35:13,"Santiago, Chile"
"1,15473127108138E+018",CampuSauron,No serÃ¡ mucho @sebastianpinera ?? Todo el mundo se dio cuenta de su mal â€œtongoâ€. #RenunciaPiÃ±era #renunciachadwick #renunciacubillos #NoSomosTontos https://t.co/qWXBjNoITK,['#RenunciaPiÃ±era'],2019-07-26 12:32:43,Generalmente Mi casa
"1,14618813682697E+018",ToddChaman,"CTM...este gobierno de derecha cada vez mÃ¡s nefasto inoperante y corrupto 
#FueraCubillos 
 #ParoDocente #FuerzaProfes #fuerzaprofesores #YoApoyoElParoDocente #RenunciaPiÃ±era #DerechaCorrupta

 #EclipseSolar2019 #EclipseTotal #EclipseChile  #PartyChilensisFtEclipse  #Eclipse2019 https://t.co/JjHtYyzwC5",['#RenunciaPiÃ±era'],2019-07-02 22:45:21,en el 80%
"1,1524068592168E+018",everhuguin,"@min_interior @DptoExtranjeria Renuncien ! USTEDES NO LE SIRVEN A CHILE !
DEJEN QUE GOBIERNEN CHILENOS DE VERDAD !
#derechoadeportar
#cierrenfronteras
#renunciapiÃ±era https://t.co/HdVdARa89q",['#RenunciaPiÃ±era'],2019-07-20 02:36:20,Chile
"1,15583312444361E+018",witgenuino,"Una administraciÃ³n improvisada y sÃ³lo para apoyar al empresariado que lo puso allÃ­ termina pasando la cuenta. ğŸ˜ğŸ™„
#RenunciaPiÃ±era
#GobiernoMediocre
ğŸ‘‰#AC https://t.co/Su7BUWJGp4",['#RenunciaPiÃ±era'],2019-07-29 13:31:05,Symbiotic City - Paine Towers
"1,15218614299918E+018",HipogrifoChilen,@jcbenavides_74 @sebastianpinera Esa es la â€œeficienciaâ€ ğŸ¤¢ğŸ¤® de la â€œempresa privadaâ€ que pregonaban las plastas de los Chicago Boys para apropiarse de los servicios pÃºblicosğŸ˜¡ğŸ˜¡. El agua debe ser estatizada AHORA!! #Essal #TiemposPeores #ChileEnMarchaAtras #RenunciaPiÃ±era,['#RenunciaPiÃ±era'],2019-07-19 11:59:17,
"1,15337408650619E+018",Lamarycienta,"Caso catrillanca #renunciachadwick
Caso profesores #RenunciaCubillos
Caso Osorno #AguaEstatal
Caso desempleo #RenunciaMonckeberg
 Caso donaciÃ³n de Ã³rganos #RenunciaMaÃ±alich

Xq mejor no #RenunciapiÃ±era de ahÃ­ pa'bajo? Han demostrado ser un #GobiernoNefasto asesino e inoperante.",['#RenunciaPiÃ±era'],2019-07-22 18:39:45,
"1,14858056320226E+018",everhuguin,"@adnradiochile @carlazunin @gersondelrio @sebastianpinera Con esto queda claro que el remedio salio peor que la enfermedad .Renuncie Sebastian PiÃ±era usted no le sirve a Chile !
#cierrenfronteras #nosestaninvadiendo #chileparaloschilenos
#RENUNCIAPIÃ‘ERA https://t.co/AFk1mBuzvF",['#RenunciaPiÃ±era'],2019-07-09 13:12:00,Chile
"1,14655906931615E+018",crisesmar1,"@NuS0l @JaduePresi2022 Entonces que siga pasando??
Eso quieres??
Estas respuestas son las que mÃ¡s detesto 
Por gente q piensa como tÃº nos siguen gobernando ineptos Sin vergÃ¼enzas ğŸ¤¦ğŸ»â€â™€ï¸
#Sename #AguanteLosProfes #ParoNacionalDocente 
#RenunciaCubilllos #RenunciaChadwick 
#RenunciaPiÃ±era https://t.co/EDXJPbr3Wy",['#RenunciaPiÃ±era'],2019-07-03 23:19:18,Chile
"1,15596687983333E+018",Pillerin_,"@24HorasTVN DESATADA LA DELINCUENCIA EN CHILE 

NI HABLAR DE LA CESANTÃA Y AHIRA MÃS ENCIMA DESATADO EL TERRORISMO !!! 

CHILE EN PLENA CRISIS CON PIÃ‘ERA !!! 

#RENUNCIAPIÃ‘ERA",['#RenunciaPiÃ±era'],2019-07-29 22:22:35,
"1,15451167764519E+018",GabrielBerrios_,@Cooperativa Santiago cesantÃ­a 8.4 la mayor en dÃ©cadas el peor gobierno de Chile cayÃ©ndose y derepente mandan una bomba a una comisarÃ­a? Otro montaje de este gobierno incompetente. #RenunciaPiÃ±era,['#RenunciaPiÃ±era'],2019-07-25 22:00:08,MÃ©xico - Chile 
"1,14838737595916E+018",witgenuino,"HelicÃ³ptero haz lo tuyo o hazlo tuyo da igual... ğŸ˜ğŸ™„
Briya PuÃ±eta Briya!!ğŸ˜
#RenunciaPiÃ±era
#NoMÃ¡sChantas https://t.co/NMVTW9WDsC",['#RenunciaPiÃ±era'],2019-07-09 00:24:21,Symbiotic City - Paine Towers
"1,15496527251351E+018",bina_victoria,"#ChileSinTerrorismo 
#TraicionadosPorPiÃ±era 
Que Gobierno tan penca el de PiÃ±era por favor nunca imaginÃ© este gallinero tan mezclado. Hombre de Dios piensa un poco en los chilenos  y manda cambiar a todos los invasores  si no te la puedes renuncia entonces. 
#RenunciaPiÃ±era https://t.co/rCnj07JF6T",['#RenunciaPiÃ±era'],2019-07-27 04:02:33,Mi tranquila ciudad
"1,15228347579962E+018",everhuguin,"@biobio Fuera de Chile !
#cierrenfonteras #DerechoADeportar 
#nomasrefugiados 
#renunciapiÃ±era 
@GobiernodeChile 
@sebastianpinera https://t.co/FGZd7MnneQ",['#RenunciaPiÃ±era'],2019-07-19 18:26:03,Chile
"1,14683554903199E+018",pilinypilina,".
oye @sebastianpinera
Tienes La Cagada en Todo !!#RenunciaPiÃ±era âœ”

.          @GobiernodeChile 
.            NO RESISTE MÃS

â™¦ La Salud EstÃ¡ en Coma
funcionarios pÃºblicos salen a la
calle a manifestar sus molestias. https://t.co/tiYd68Veus",['#RenunciaPiÃ±era'],2019-07-04 17:37:56,Dictadura Abusiva
"1,15163291602962E+018",herrerafpaula,@sebastianpinera Lento y mÃ¡s encima mentiroso! El agua aÃºn no vuelve en todos los sectores como usted hace creer a la opiniÃ³n pÃºblica. #RenunciaPiÃ±era,['#RenunciaPiÃ±era'],2019-07-17 23:20:58,"chiguayante, chile"
"1,14856792528196E+018",Hector8782,"MÃ¡s pirotecnia farandulera

PensarÃ¡ @sebastianpinera que esto lo harÃ¡ mejor presidente o que subirÃ¡ en las encuestas?

#RENUNCIAPIÃ‘ERA
#RenunciaChadwick
#RenunciaCubillos https://t.co/4KsA72d9Sc",['#RenunciaPiÃ±era'],2019-07-09 12:21:47,"Santiago, Chile"
"1,14856320662289E+018",Gabriela_Leon,"@KarlaEnAccion Cuando ya nadie espera nada de su gobierno uds logran superarse.

Logra hacer y decir cada dÃ­a algo mÃ¡s repulsivo.

#RenunciaPiÃ±era",['#RenunciaPiÃ±era'],2019-07-09 12:03:02,"Quito, Ecuador"
"1,15093803238155E+018",everhuguin,"@meopongo1 Siga caminando  y encontrara un pequeÃ±o grupo de  chilenos que estan sacando visa para vivir en Chile.
#cierrenfonteras #chileparaloschilenos
#renunciapiÃ±era https://t.co/1Er9cK8ss5",['#RenunciaPiÃ±era'],2019-07-16 01:19:44,Chile
"1,15336598215037E+018",Mike_Demonio,"La frase para el bronce
"" En cualquier parte del mundo se pierden Ã³rganos"".
Jaime MaÃ±alich
En un paÃ­s donde las donaciones de Ã³rganos son tan bajas estos dichos solo generan incertidumbre en la gente.
#RenunciaMaÃ±alich
#renunciachadwick 
#RenunciaCubillos 
#RenunciaPiÃ±era",['#RenunciaPiÃ±era'],2019-07-22 18:07:33,Chile
"1,15534194805357E+018",kenodechile,@alb0black Lo que tengo claro es que si el voto hubiese sido obligatorio en las Ãºltimas elecciones presidenciales hoy #renunciaPiÃ±era no serÃ­a Presidente,['#RenunciaPiÃ±era'],2019-07-28 04:59:20,Orilla izquierda de Chile
"1,1496578220549E+018",kelporganico,#BuenViernes a todos en especial a los amigos y amigas q estÃ¡n en #Huelga por sus derechos. Aguante #Walmart #Audiomusica y #Profesores. Y de regalo #RenunciaPiÃ±era @thecliniccl @GAMBA_CL @DescuentosRata @CNNChile,['#RenunciaPiÃ±era'],2019-07-12 12:32:39,Chile
"1,14647104233402E+018",witgenuino,"Rompemarchas e infiltrados como es usual cada vez que se pretende exigir dignidad respeto y tus derechos  a un #GobiernoMediocre. â˜ï¸ğŸ˜Œ
Pero la culpa es de la marcha... Â¿cierto? ğŸ™„
Â¯\_(ãƒ„)_/Â¯
#FuerzaProfes
#RenunciaCubillos
#RenunciaPiÃ±era https://t.co/GIO6KGgCjH",['#RenunciaPiÃ±era'],2019-07-03 17:29:31,Symbiotic City - Paine Towers
"1,15328641364916E+018",Lamarycienta,"Q importa las multas q paguen en agua y luz?
Si despuÃ©s suben los precios xq si y adivinen quienes terminan pagando esa multa ğŸ™ƒ
#RenunciaPiÃ±era
#GobiernoNefasto
#Pitutocracia
MÃ©ritocracia
Mis hijos primeros
Tiempos mejores

...Todo venÃ­a con letra chica... https://t.co/8vJRcjP993",['#RenunciaPiÃ±era'],2019-07-22 12:51:22,
"1,15042359673034E+018",ManuelD58296102,#enacional rubilar habla y habla y no dice nada.. se parece mucho a la @mcubillossigall  que repiten y repiten argumentos q se creen ellos solos.. #renuncientodosmangadeinoperantes. #renunciacubillos #renunciapiÃ±era,['#RenunciaPiÃ±era'],2019-07-14 15:15:33,El Belloto - QuilpuÃ©
"1,15371663978498E+018",Painostroza,"@jmanalich Por la boca muere el pez @jmanalich
Primero #renunciachadwick
Luego #RenunciaCubillos
Siempre #RenunciaPiÃ±era y #RenunciaCeciliaPerez
Ahora #RenunciaMaÃ±alich
Q gobierno mÃ¡s nefasto... ğŸ™„",['#RenunciaPiÃ±era'],2019-07-23 17:20:56,"Santiago, Chilito"
"1,15477566756694E+018",UnCiuda43063034,"@adnradiochile como cuando hablas de ti mismo en tercera persona ! ğŸ™„
#tongo #renunciapiÃ±era",['#RenunciaPiÃ±era'],2019-07-26 15:29:08,
"1,14876614105096E+018",witgenuino,"El ""gobierno anterior"" NO asesinÃ³ a #Catrillanca asÃ­ que hÃ¡ganse un lulo con la excusa (y se la entuban).ğŸ™„ğŸ˜ 
#RenunciaPiÃ±era
#RenunciaChadwick 
#RenunciaUbilla
#GobiernoMediocre
#QueSeVayanTodos
ğŸ‘‰#AC https://t.co/L6mbeLdiYG",['#RenunciaPiÃ±era'],2019-07-10 01:29:25,Symbiotic City - Paine Towers
"1,15294817749196E+018",CarolinaStrang1,"Gupo: Lusemia (PerÃº) 
Tema: ""El asesino de la ilusiÃ³n""
#TiemposWeones #RenunciaPiÃ±era #Chile
#PerÃº 
https://t.co/9tHqZsB1WK",['#RenunciaPiÃ±era'],2019-07-21 14:27:20,"Coquimbo, Chile"
"1,15200700049187E+018",MejiaNarr,"@r0driig0andres @FotosyRulos @24HorasTVN @paislobo @T13 Desgobierno o desgobierno? @sebastianpinera
#RenunciaPiÃ±era
#OsornoSinAguaPotable",['#RenunciaPiÃ±era'],2019-07-19 00:07:26,
"1,15512342710107E+018",rovijoLimachina,"Como estan los zurdos mas wena onda de todo chile.. Asi que el desempleo subio a 8.4 y aqui estamos acotaditos dejando q nos sigan metiendo el pico en el ojo
#BuenSabado
#tiempospeores
#RenunciaPiÃ±era",['#RenunciaPiÃ±era'],2019-07-27 14:31:00,chilezuela
"1,15040479963405E+018",everhuguin,"@chivi45 Mejor enseÃ±enle a los haitianos el camino para salir de Chile !!
#cierrenfronteras #chileparaloschilenos  #renunciapiÃ±era #aquifaltapinochet",['#RenunciaPiÃ±era'],2019-07-14 14:00:52,Chile
"1,15528953042301E+018",JaviGPizar,@sebastianpinera A tus ministros deberÃ­as reciclar esos si que son una manga de inÃºtiles! #RenunciaPiÃ±era,['#RenunciaPiÃ±era'],2019-07-28 01:31:02,"Antofagasta, Chile"
"1,15347010760524E+018",TuestaniO,"Creo que hay que empezar a agrandar la lista de hashtags:
#RunciaCubillos
#RenunciaMaÃ±alich 
#RenunciaPiÃ±era
#RenunciaUbilla
#RenunciaFlores (a esta hay que explicarle que significa renunciar por quÃ© es aweonÃ¡ a cagar) 
Alguien mÃ¡s?",['#RenunciaPiÃ±era'],2019-07-23 01:01:18,Santiago
"1,14698557640874E+018",ToddChaman,"#ChileEnDictadura
#NoMasAbusoPolicial
Violencia policial desatada en Chile.
En ConcepciÃ³n el 4 de julio de 2019 esta abuelita que se gana la vida tristemente como comerciante ambulante fue golpeada por Carabineros 
#DerechaCorrupta
#RenunciaPiÃ±era 
#RenunciaCubillos https://t.co/AvZuZ559DW",['#RenunciaPiÃ±era'],2019-07-05 03:34:06,en el 80%
"1,14589179167109E+018",witgenuino,"ReciÃ©n cachÃ© por quÃ© el #Duopolio junto a los ""honorables"" chantas que apoyan este #GobiernoMediocre odian la EducaciÃ³n PÃºblica y prefieren que todos sigan siendo ignorantes. ğŸ˜ğŸ™„
#NoMÃ¡sVacasSagradas
#NoMÃ¡sAbusos
#NoMÃ¡sDuopolio
#RenunciaPiÃ±era
#EducaciÃ³nGratuita https://t.co/XJ24VpThsR",['#RenunciaPiÃ±era'],2019-07-02 03:07:47,Symbiotic City - Paine Towers
"1,15456414786394E+018",Danez2081,Ahora te toca a ti. #renunciapiÃ±era https://t.co/0kh4BTMD2y,['#RenunciaPiÃ±era'],2019-07-26 01:28:38,"La Florida, Chile"
"1,14907133087422E+018",crisesmar1,"@RodrigoFortino Leo comentarios como los de Rodrigo y es ahÃ­ cuando entiendo porque tenemos a la gente q tenemos gobernando nuestro paÃ­s 
Que pequeÃ±Ã­simo debate ante magno problema ğŸ¤¦ğŸ»â€â™€ï¸
#RenunciaCubillos #AdmisiÃ³nInjusta
#RenunciaPiÃ±era https://t.co/MpDPRS6LXg",['#RenunciaPiÃ±era'],2019-07-10 21:42:08,Chile
"1,15483434280543E+018",UnCiuda43063034,"En el lado izquierdo el supuesto carabinero herido / al personas que si sufrieron un atentado con bombas 
#renunciapiÃ±era
#Tongo
#piÃ±era https://t.co/iE9x1b9gok",['#RenunciaPiÃ±era'],2019-07-26 19:22:17,
"1,14655261080105E+018",ClaudiaSchwaig1,"#RenunciaCubillos
#RenunciaChadwick 
#RenunciaAbbott
#RenunciaLarrain
#RenunciaPiÃ±era
Que renuncien todos los weones y gobiernen los niÃ±os!",['#RenunciaPiÃ±era'],2019-07-03 22:53:38,
"1,14859010087338E+018",ricardoarriagad,@presidencia_cl @GobiernodeChile @sebastianpinera iba sin #CinturÃ³ndeSeguridad.. que lÃ¡stima que no haya hecho ninguna pirueta.. #FelizMartes #TiemposWeones #RenunciaChadwick #RENUNCIAPIÃ‘ERA,['#RenunciaPiÃ±era'],2019-07-09 13:49:54,Chile
"1,15564071041629E+018",Zeroblader31,"@sebastianpinera PuÃ±eta ya perdiste toda tu credibilidad nadie te cree anda preparando las maletas nomÃ¡s.
#RenunciaPiÃ±era
#RenunciaChadwick
#RenunciaMaÃ±alich
#TiemposWeones
#NosCansamos",['#RenunciaPiÃ±era'],2019-07-29 00:46:30,"Santiago, Chile"
"1,15375110198184E+018",LuisJonathanGA,@sebastianpinera Arregla la mierda de pensiones que tienes maldito imbÃ©cil!!! Tienes a los abuelitos pobres tanto robarles!!! TÃº y tus soluciones parches pueden irse a la misma mierda!!! #RenunciaPiÃ±era,['#RenunciaPiÃ±era'],2019-07-23 19:37:53,Santiago de Chile
"1,1519826371894E+018",ErikaSilvaPare1,@sebastianpinera deja de beneficiar a las AFP https://t.co/zgteabLuJm #renunciapiÃ±era,['#RenunciaPiÃ±era'],2019-07-18 22:30:38,
"1,15596635988217E+018",Pillerin_,"@Cooperativa DESATADO EL TERRORISMO EN CHILE !!! 

CESANTÃA ALCANZA CIFRA HISTÃ“RICA Y LA DELINCUENCIA NI HABLAR !!! 

#RENUNCIAPIÃ‘ERA !!",['#RenunciaPiÃ±era'],2019-07-29 22:20:31,
"1,1483139057285E+018",witgenuino,"De pura suerte no los lincharon... Â¿cierto? ğŸ˜ğŸ™„
#NoMÃ¡sParlamentarios
#GobiernoMediocre
#NoMÃ¡sDuopolio
#RenunciaPiÃ±era
#RenunciaCubillos
#QueSeVayanTodos
ğŸ‘‰#AC https://t.co/JlvPdXZdU3",['#RenunciaPiÃ±era'],2019-07-08 19:32:24,Symbiotic City - Paine Towers
"1,15337952015991E+018",chileesnuestro,Las mercancÃ­as los productos tienen una merma MaÃ±alich. Los Ã³rganos no son prioridad escasez alta! @sebastianpinera que vergÃ¼enza tu Ministro otra razÃ³n mÃ¡s pedirte #RenunciaPiÃ±era https://t.co/kYroiqDEmf,['#RenunciaPiÃ±era'],2019-07-22 19:01:21,"Parral, Chile"
"1,15444640071494E+018",titomarcelo,"#TiemposPeores Sospechosa la rÃ¡pida cobertura d #Meganoticias #24Tarde #CHVNoticias #T13Tarde con ""acceso"" a cÃ¡maras seguridad en Bombazo #Huechuraba cuando alza #Desempleo en Stgo es la noticia #JuevesNegro para #RenunciaPiÃ±era #MonckebergRenuncia #QueSeVayanTodos en La Moneda",['#RenunciaPiÃ±era'],2019-07-25 17:40:45,"Iquique, Chile"
"1,14912805640724E+018",witgenuino,"Suma y sigue... ğŸ˜ğŸ™„
#GobiernoMediocre
#NoMÃ¡sChantas
#RenunciaPiÃ±era
#QueSeVayanTodos
ğŸ‘‰#AC https://t.co/938RFOKXGU",['#RenunciaPiÃ±era'],2019-07-11 01:27:33,Symbiotic City - Paine Towers
"1,14864859057276E+018",ToddChaman,"Tiempos Mejores o cÃ³mo reventar las arcas fiscales con corrupciÃ³n pitutos amiguismo clasismo nepotismo inoperancia...
#ChileRovamos
Y ahora ponen a Lavin en los matinales a ""salvar perritos de Las Condes"" pa seguir con la gran mentira de la #DerechaCorrupta
#RENUNCIAPIÃ‘ERA https://t.co/fRWxUnsqz3",['#RenunciaPiÃ±era'],2019-07-09 17:42:19,en el 80%
"1,15165988068992E+018",NegriCheli,"@isacardenas75 @sebastianpinera @Essal_Ayuda Nahhh... se diÃ³ cuenta que su viaje cÃ³mo empresario a reuniÃ³n con Google le harÃ­a bajar aÃºn mÃ¡s en las encuestas
#Ladron #RenunciaPiÃ±era",['#RenunciaPiÃ±era'],2019-07-18 01:08:07,"Santiago, Chile"
"1,15237972823551E+018",witgenuino,"DescripciÃ³n grÃ¡fica del #GobiernoMediocre en terreno fiscalizando y asegurando la operatividad de las ""instituciones que funcionan"". ğŸ˜ğŸ™„
'tamos hasta el loly perreeeto!! ğŸ˜
#NoMÃ¡sChantas
#NoMÃ¡sCorruptos
#RenunciaPiÃ±era
#QueSeVayanTodos
ğŸ‘‰#AC https://t.co/Ff9QFNboty",['#RenunciaPiÃ±era'],2019-07-20 00:48:32,Symbiotic City - Paine Towers
"1,1545619863126E+018",Bagi_Ulfs,Tiene el paÃ­s pa la caga!!! Y vez que sale encuestas que no le favorecen hay un atentado? Sospechosa la huea!!! Asi no se habla mas de Osorno del desempleo de lo mal que lo han hecho #RenunciaChadwick #RenunciaPiÃ±era #Tongo https://t.co/fZtKGyokLW,['#RenunciaPiÃ±era'],2019-07-26 01:20:02,"Santiago, Chile"
"1,15197461537747E+018",witgenuino,"Con @jmanalich a la cabeza estoy para comprarles altiro su pescÃ¡.ğŸ˜ğŸ™„
#NoMÃ¡sChantas
#GobiernoMediocre
#RenunciaPiÃ±era
#ParenDeGozar https://t.co/272MNux4yD",['#RenunciaPiÃ±era'],2019-07-18 21:58:45,Symbiotic City - Paine Towers
"1,15220986322686E+018",melaslabo,Pucha SebastiÃ¡n. Siempre te engaÃ±an siempre perdido nunca sabes nada ni siquiera con quiÃ©n te sacas fotos. Pobrecito (?) #RenunciaPiÃ±era https://t.co/iykJOmiO1n,['#RenunciaPiÃ±era'],2019-07-19 13:33:33,"Buenos Aires, Argentina"
"1,15236485213814E+018",ArcaZoo10,@jfgallardoperez Gracias le daremos cuando #RenunciaPiÃ±era,['#RenunciaPiÃ±era'],2019-07-19 23:49:25,"RegiÃ³n del Maule , Chile "
"1,1521841168399E+018",HipogrifoChilen,@lufernavi @sebastianpinera Esa es la â€œeficienciaâ€ ğŸ¤¢ğŸ¤® de la â€œempresa privadaâ€ que pregonaban los Chicago Boys ğŸ˜¡ğŸ˜¡ El agua debe ser estatizada AHORA!! Essal #Osorno #RenunciaPiÃ±era #TiemposPeores #ChileEnMarchaAtras,['#RenunciaPiÃ±era'],2019-07-19 11:51:14,
"1,15187091963326E+018",CamilaRosales26,#RenunciaPiÃ±era eres una mala copia de Donald Trump,['#RenunciaPiÃ±era'],2019-07-18 15:06:42,
"1,15363676347219E+018",Geri_Hormazabal,"@OasisFMChile @elwerne Sumamos otro #
#RenunciaPiÃ±era
#RenunciaChadwick
#RenunciaCubillos
#RenunciaMaÃ±alich
Si olvidÃ© alguno agrÃ©guelo por favor",['#RenunciaPiÃ±era'],2019-07-23 12:03:32,"Santa Cruz, Chile"
"1,14949180253515E+018",everhuguin,"@T13 Chile no esta preparado para esta catastrofe !
#cierrenfronteras #chileparaloschilenos
#nosestaninvadiendo
#nomasrefugiados
#renunciapiÃ±era
#aquifaltapinochet https://t.co/Uqemdq1INa",['#RenunciaPiÃ±era'],2019-07-12 01:32:56,Chile
"1,15114294957466E+018",bina_victoria,"Chile necesita mÃ¡s  chilenos que amen la patria y sus tradiciones no al globalismo no al oportunismo. 
#RenunciaPiÃ±era
#NoMasPiÃ±era
#FueraJesuitas
#CierreInstDerechosHumanos
#CierrenFronteras 
#NoMasInmigrantes https://t.co/OvEhWB6UrV",['#RenunciaPiÃ±era'],2019-07-16 14:54:01,Mi tranquila ciudad
"1,15218808323805E+018",HipogrifoChilen,@WolfsferozDavid Esa es la â€œeficienciaâ€ ğŸ¤¢ğŸ¤®ğŸ¤® que pregonaban los Chicago Boys para apropiarse de Las empresas de todos los chilenos!!ğŸ˜¡ğŸ˜¡ El agua debe ser estatizada AHORA!!! #Essal #TiemposPeores #ChileEnMarchaAtras #RenunciaPiÃ±era,['#RenunciaPiÃ±era'],2019-07-19 12:07:00,
"1,15453550703805E+018",Ingrelena77,"@presidencia_cl @GobiernodeChile @sebastianpinera @Carabdechile Cuando el gobierno estÃ¡ en su peor momento:
-Crisis medioambiental de Osorno
-Error en gestiÃ³n para donaciÃ³n de Ã³rganos
-CorrupciÃ³n en altos mandos del EjÃ©rcito y Carabineros 
Este ""atentado"" es un voladero para desviar la atenciÃ³n!!!
#RenunciaPiÃ±era",['#RenunciaPiÃ±era'],2019-07-25 23:34:49,"Santiago, Chile"
"1,14617641609199E+018",KaremAedoGonzal,@nmonckeberg Pero si estÃ¡n todos alineados @nmonckeberg todo menos la derecha q rema siempre en contra de los intereses de todos los chilenos!!! #NosCansamos #RenunciaCubillos #EclipseSolar2019 y de pasada #RenunciaPiÃ±era,['#RenunciaPiÃ±era'],2019-07-02 21:58:47,Santiago - Chile
"1,14909812114376E+018",witgenuino,"El chiste se cuenta solo... ğŸ¤¦â€â™‚ï¸ğŸ˜
#RenunciaPiÃ±era
#NoMÃ¡sChantas
#GobiernoMediocre https://t.co/Np6IBxLWdD",['#RenunciaPiÃ±era'],2019-07-10 23:28:35,Symbiotic City - Paine Towers
"1,15349189608758E+018",witgenuino,"'tamos hasta el loly perreeeto!!ğŸ˜ğŸ™„
#RenunciaPiÃ±era
#NoMÃ¡sChantas
#QueSeVayanTodos
#GobiernoMediocre
ğŸ‘‰#AC https://t.co/Jb3ReqVyHe",['#RenunciaPiÃ±era'],2019-07-23 02:27:53,Symbiotic City - Paine Towers
"1,14808674552898E+018",yo_nefertiti,Parece que los Argentinos le compraron el cuento a Macri... a tu amigo @sebastianpinera igualito que tu vendiÃ³ los tiempos mejores y ahÃ­ estÃ¡n con una inflaciÃ³n del 472% derechito donde vamos nosotros con este asqueroso gobierno. #TiemposPeores #RenunciaPiÃ±era,['#RenunciaPiÃ±era'],2019-07-08 04:29:45,Chile
"1,15449431420387E+018",kamilisima,@vemuchoplastico @sebastianpinera Y para tapar los 12 pacos pocesados ayer por tortura.... #renunciapiÃ±era,['#RenunciaPiÃ±era'],2019-07-25 20:51:08,
"1,14810868609683E+018",everhuguin,"@JJ_NunezB Y si empezaron los ilegales a quedarse con el trabajo de los ""honorables""? ...No se demorarian ni 5 minutos para deportarlos a todos
#CierrenFronteras #nosestaninvadiendo #chileparaloschilenos
#nomasrefugiados
#renunciapiÃ±era https://t.co/LE4miA1QuG",['#RenunciaPiÃ±era'],2019-07-08 05:56:56,Chile
"1,15618205677625E+018",MacarenaJohns,@baradit Y que mÃ¡s tiene que pasar para pedirle la renuncia a PiÃ±era? Por quÃ© no hay protestas? Por quÃ© todas estas denuncias quedan en nada? Hasta cuÃ¡ndo tanta impunidad? Puerto Rico la hizo y Chile  cuando? #RenunciaPiÃ±era,['#RenunciaPiÃ±era'],2019-07-30 12:37:37,"Pacific Grove, CA"
"1,15512240931541E+018",right_mister,@sebastianpinera deberÃ­a Renunciar. No se la puede no tiene pantalones. Una vergÃ¼enza. @GobiernodeChile #RenunciaPinera https://t.co/FbTSNrsnU5,[],2019-07-27 14:26:58,
"1,14583528269405E+018",witgenuino,"#RenunciaPiÃ±era ğŸ˜ŒğŸ‘
#PiÃ±eraMienteğŸ¤¥ ya tÃº saÃ©... ğŸ˜ https://t.co/puICI0DJny",['#RenunciaPiÃ±era'],2019-07-01 23:23:14,Symbiotic City - Paine Towers
"1,14605242197137E+018",alexisAMLimport,@AnglicaVillarN1 Y hoy dÃ­a este csm dice que el paro es ilegal .#renunciapiÃ±era #fuerapiÃ±era https://t.co/fiXpweYoU0,['#RenunciaPiÃ±era'],2019-07-02 13:46:04,Chile
"1,15345327279719E+018",MayorgaDelgado,La derecha se autodestruye.... ImagÃ­nense que la oposiciÃ³n hiciera la pega....!!!! #RenunciaMaÃ±alich #RenunciaCubillos  #renunciapiÃ±era,['#RenunciaPiÃ±era'],2019-07-22 23:54:25,"Valdivia, Chile"
"1,15623811632122E+018",cesylvesterzen,@Tati_Reloaded PongÃ¡monos en campaÃ±a entonces #RenunciaPiÃ±era,['#RenunciaPiÃ±era'],2019-07-30 16:20:23,"ConcepciÃ³n, Chile"
"1,1545919115897E+018",witgenuino,"SÃ­ obvio espera que la ""investigaciÃ³n"" siga su curso para determinar si se le llama ""montaje"" ""tongo"" ""autoatentado"" o lo que sea... Â¿Y luego quÃ©? Â¿MÃ¡s de lo mismo? ğŸ˜ğŸ™„
AndÃ¡aaaa!!! ğŸ˜”
#NoMÃ¡sChantas
#NoMÃ¡sImpunidad
#NoMÃ¡sCorruptos
#RenunciaPiÃ±era
ğŸ‘‰#AC https://t.co/dR0hwmKAj0",['#RenunciaPiÃ±era'],2019-07-26 03:18:57,Symbiotic City - Paine Towers
"1,15044010965908E+018",everhuguin,"@Guarequena @GobiernodeChile Tacna territorio Peruano pidale ayudaa ellos.
Entienda de una vez CHILE ESTA COLAPSADO !!
#cierrenfronteras #nosestaninvadiendo
#chileparaloschilenos
#renunciapiÃ±era
@sebastianpinera https://t.co/5t7gt58xdT",['#RenunciaPiÃ±era'],2019-07-14 16:21:10,Chile
"1,14718378954797E+018",ricardoarriagad,@sebastianpinera @GobiernodeChile que deben renunciar #Chadwick #Cubillos y usted.. #RenunciaChadwick #RenunciaCubilllos #RenunciaPiÃ±era #TiemposWeones,['#RenunciaPiÃ±era'],2019-07-05 16:41:43,Chile
"1,15084499419605E+018",SolConcepcion30,"@AnglicaVillarN1 #RenunciaPiÃ±era de pdte.ğŸ‡¨ğŸ‡± Lanza.
@GobiernodeChile nepotismo
@ONUMujeres
@ONU_es
@realDonaldTrump cabeza e'pillÃ­
#RenunciaChadwick asesino
#RenunciaUbilla asesino 
#OsornoSinAguaPotable DDHH
@Essal_Ayuda recuperar agua ğŸ‡¨ğŸ‡±
@HarryJurgensen Renuncia
ğŸ‡¨ğŸ‡± #NoAlTpp11
#PlebiscitoTPP11 ğŸ‡¨ğŸ‡± https://t.co/XjTKO7rpAb",['#RenunciaPiÃ±era'],2019-07-15 19:10:02,"ConcepciÃ³n, Chile"
"1,15205375738923E+018",witgenuino,"Hasta los #Bot y los #Troll se sienten #TraicionadosPorPiÃ±erağŸ¤¥
El odio al PuÃ±eta se hace transversal.ğŸ˜…ğŸ˜
#CagazoEnOsorno
#OsornoSinAguaPotable
#EmergenciaCL
#RenunciaPiÃ±era
#GobiernoMediocre https://t.co/3D7Na7eoFv",['#RenunciaPiÃ±era'],2019-07-19 03:13:14,Symbiotic City - Paine Towers
"1,15475521848107E+018",Hector8782,"Mejor que seas solidario con los chilenos que estÃ¡n desempleados.

A 84% subiÃ³ en el Gran Santiago.

Es hora de que renuncies. Ese serÃ¡ lo mÃ¡s patriÃ³tico que puedes hacer

#RenunciaPiÃ±era https://t.co/FteOfsROfJ",['#RenunciaPiÃ±era'],2019-07-26 14:07:53,"Santiago, Chile"
"1,15078280081306E+018",chileesnuestro,Nadie te cree. #RenunciaPiÃ±era https://t.co/YWG7LlkhXC,['#RenunciaPiÃ±era'],2019-07-15 15:02:54,"Parral, Chile"
"1,15220954557126E+018",JoacoMurieta,"Ya saben @sebastianpinera en cualquier minuto anunciarÃ¡ #AguaSegura   una mÃ¡s de lo inoperante irresponsable poco serio e indolente de este gobierno.
#OsornoSinAguaPotableOTRAVEZ 
#Osorno
#RenunciaPiÃ±era 
#Essal
#essalmiente",['#RenunciaPiÃ±era'],2019-07-19 13:32:17,
"1,15340891482801E+018",Mike_Demonio,"Debieran juzgar a MaÃ±alich si fallece algÃºn receptor de los Ã³rganos que nunca llegaron....
#Minsal #FACH #RenunciaMaÃ±alich #RenunciaCubillos #RenunciaPiÃ±era #RenunciaChadwick",['#RenunciaPiÃ±era'],2019-07-22 20:58:09,Chile
"1,15383519526441E+018",bina_victoria,"Atina PiÃ±era
Expulsa al terrorista Noriega
ExpulsiÃ³n de haitianos
ExpulsiÃ³n de vzlnos.
Cierre I.DD.HH.
Te lo pide Chile PiÃ±era es urgente y necesario limpiar el paÃ­s de estos inmigrantes que solo vienen a desestabilizar lo.
Si no te la puedes
#RenunciaPiÃ±era 
#AquiFaltaKast https://t.co/KGoeOH5utd",['#RenunciaPiÃ±era'],2019-07-24 01:12:02,Mi tranquila ciudad
"1,1486377586484E+018",CLEIVAD,"@Cooperativa Al menos Chile estuvo libre de un  delincuente el tiempo que duro su vuelo.

#RENUNCIAPIÃ‘ERA #RenunciaChadwick 
@Emol @latercera @T13 @CNNChile @chilevision @24HorasTVN @TeletreceAM @thecliniccl https://t.co/IagSVji3o0",['#RenunciaPiÃ±era'],2019-07-09 16:59:16,"Providencia, Chile"
"1,14833470725761E+018",witgenuino,"AsÃ­ o mÃ¡s ""florerito de mesa"" ğŸ¤¦â€â™‚ï¸ğŸ˜ğŸ™„
Aunque el PuÃ±eta se vista de seda... ğŸ˜
#RenunciaPiÃ±era
#NoMÃ¡sChantas
#GobiernoMediocre
#QueSeVayanTodos
ğŸ‘‰#AC https://t.co/zMQDYQ04Jg",['#RenunciaPiÃ±era'],2019-07-08 20:55:03,Symbiotic City - Paine Towers
"1,15348254426608E+018",cesante59,"#RenunciamaÃ±alich
#RenunciaCubillos
#Renunciachadwick
#Renunciaubilla
#RenunciapiÃ±era
#Renuncientodos
VALEN CALLAMPA!!!",['#RenunciaPiÃ±era'],2019-07-23 01:50:43,CHILE
"1,1500827620131E+018",ke_miray,Me gustarÃ­a ver la misma insistencia con que piden despido de A.Valle esto: #RenunciaChadwick #RenunciaCubillos #RenunciaPiÃ±era #NoMÃ¡sAFP #EducaciÃ³nDeCalidad #SaludDIGNA #JusticiaParaCatrillanca #JubilacionesDIGNAS,['#RenunciaPiÃ±era'],2019-07-13 16:41:12,Chile
"1,15477148570307E+018",MacarenaJohns,@adrian_monen Puerto Rico ya la hizo ahora le toca a Chile #RenunciaPiÃ±era,['#RenunciaPiÃ±era'],2019-07-26 15:12:31,"Pacific Grove, CA"
"1,15581759717211E+018",ladycl7391,"@sebastianpinera Pero diga la verdad; ley reservada del cobre regira en 12 aÃ±os mÃ¡s ""modernizaciÃ³n del estado""=privatizaciÃ³n ley antiportonozos=humo atenciÃ³n preferente de salud no existe. Al final solo ğŸ„ en el ğŸ‘ de parte de su gobierno de ğŸ’© #RenunciaPiÃ±era",['#RenunciaPiÃ±era'],2019-07-29 12:29:23,Shangrila
"1,15490848215344E+018",olivareslucaas,"Claramente el hoyo en el escritorio fue hecho con un mazo y los hoyos de la pared tambiÃ©n.
Insisto: CUANDO VA A SER LA PRIMERA MARCHA ""FUERA PIÃ‘ERA"" ?????
#RenunciaPiÃ±era https://t.co/D0ZAaWYaor",['#RenunciaPiÃ±era'],2019-07-27 00:16:53,Transnistria Pridnestrovie
"1,14832491867904E+018",witgenuino,"Cada dÃ­a se supera mÃ¡s el #GobiernoMediocre... ğŸ¤¦â€â™‚ï¸ğŸ˜ğŸ™„
#NoMÃ¡sChantas
#RenunciaPiÃ±era
ğŸ‘‰#AC https://t.co/JXw9wPWLlm",['#RenunciaPiÃ±era'],2019-07-08 20:16:10,Symbiotic City - Paine Towers
"1,14569131160284E+018",SLuchadora,El tema aquÃ­ seÃ±or presidente es que ya nadie le creÃ© han sido muchas mentiras montajes robos .no en vano tiene el % de desaprobaciÃ³n que tiene. Arriba los profesores y estudiantes #renunciapiÃ±era @ColegioProfes,['#RenunciaPiÃ±era'],2019-07-01 13:51:09,
"1,14570574451334E+018",alexisAMLimport,@Cadem_cl #renunciapiÃ±era #fuerapiÃ±era @sebastianpinera  vale callampa https://t.co/ZgJDyjNwng,['#RenunciaPiÃ±era'],2019-07-01 14:48:30,Chile
"1,14813004176889E+018",kuerbo_reload,#YoApoyoACubillos pa que #RenunciaCubilllos y de pasada #renunciachadwick y #RENUNCIAPIÃ‘ERA,['#RenunciaPiÃ±era'],2019-07-08 07:21:47,
